https://www.blurbiz.io/,https://ajax.googleapis.com/ajax/libs/webfont/1.4.7/webfont.js,https://ajax.googleapis.com/ajax/libs/webfont/1.4.7/,webfont.js
https://www.blurbiz.io/,https://www.googletagmanager.com/gtag/js?id=UA-77553768-1,https://www.googletagmanager.com/gtag/,js?id=UA-77553768-1
https://www.blurbiz.io/,//js.hs-scripts.com/2282570.js,//js.hs-scripts.com/,2282570.js
https://www.blurbiz.io/,https://code.jquery.com/jquery-3.3.1.min.js,https://code.jquery.com/,jquery-3.3.1.min.js
https://www.blurbiz.io/,https://uploads-ssl.webflow.com/5730501b66369b8a398b20bd/js/webflow.8507d4086.js,https://uploads-ssl.webflow.com/5730501b66369b8a398b20bd/js/,webflow.8507d4086.js
https://www.blurbiz.io/pricing,https://ajax.googleapis.com/ajax/libs/webfont/1.4.7/webfont.js,https://ajax.googleapis.com/ajax/libs/webfont/1.4.7/,webfont.js
https://www.blurbiz.io/pricing,https://www.googletagmanager.com/gtag/js?id=UA-77553768-1,https://www.googletagmanager.com/gtag/,js?id=UA-77553768-1
https://www.blurbiz.io/pricing,//js.hs-scripts.com/2282570.js,//js.hs-scripts.com/,2282570.js
https://www.blurbiz.io/pricing,https://code.jquery.com/jquery-3.3.1.min.js,https://code.jquery.com/,jquery-3.3.1.min.js
https://www.blurbiz.io/pricing,https://uploads-ssl.webflow.com/5730501b66369b8a398b20bd/js/webflow.8507d4086.js,https://uploads-ssl.webflow.com/5730501b66369b8a398b20bd/js/,webflow.8507d4086.js
https://www.blurbiz.io/presskit,https://ajax.googleapis.com/ajax/libs/webfont/1.4.7/webfont.js,https://ajax.googleapis.com/ajax/libs/webfont/1.4.7/,webfont.js
https://www.blurbiz.io/presskit,https://www.googletagmanager.com/gtag/js?id=UA-77553768-1,https://www.googletagmanager.com/gtag/,js?id=UA-77553768-1
https://www.blurbiz.io/presskit,//js.hs-scripts.com/2282570.js,//js.hs-scripts.com/,2282570.js
https://www.blurbiz.io/presskit,https://code.jquery.com/jquery-3.3.1.min.js,https://code.jquery.com/,jquery-3.3.1.min.js
https://www.blurbiz.io/presskit,https://uploads-ssl.webflow.com/5730501b66369b8a398b20bd/js/webflow.8507d4086.js,https://uploads-ssl.webflow.com/5730501b66369b8a398b20bd/js/,webflow.8507d4086.js
https://www.blurbiz.io/blog,https://ajax.googleapis.com/ajax/libs/webfont/1.4.7/webfont.js,https://ajax.googleapis.com/ajax/libs/webfont/1.4.7/,webfont.js
https://www.blurbiz.io/blog,https://www.googletagmanager.com/gtag/js?id=UA-77553768-1,https://www.googletagmanager.com/gtag/,js?id=UA-77553768-1
https://www.blurbiz.io/blog,//js.hs-scripts.com/2282570.js,//js.hs-scripts.com/,2282570.js
https://www.blurbiz.io/blog,https://code.jquery.com/jquery-3.3.1.min.js,https://code.jquery.com/,jquery-3.3.1.min.js
https://www.blurbiz.io/blog,https://uploads-ssl.webflow.com/5730501b66369b8a398b20bd/js/webflow.8507d4086.js,https://uploads-ssl.webflow.com/5730501b66369b8a398b20bd/js/,webflow.8507d4086.js
https://www.blurbiz.io/support,https://ajax.googleapis.com/ajax/libs/webfont/1.4.7/webfont.js,https://ajax.googleapis.com/ajax/libs/webfont/1.4.7/,webfont.js
https://www.blurbiz.io/support,https://www.googletagmanager.com/gtag/js?id=UA-77553768-1,https://www.googletagmanager.com/gtag/,js?id=UA-77553768-1
https://www.blurbiz.io/support,//js.hs-scripts.com/2282570.js,//js.hs-scripts.com/,2282570.js
https://www.blurbiz.io/support,https://code.jquery.com/jquery-3.3.1.min.js,https://code.jquery.com/,jquery-3.3.1.min.js
https://www.blurbiz.io/support,https://uploads-ssl.webflow.com/5730501b66369b8a398b20bd/js/webflow.8507d4086.js,https://uploads-ssl.webflow.com/5730501b66369b8a398b20bd/js/,webflow.8507d4086.js
https://www.youtube.com/watch?v=9a2VCKpZW8o,/yts/jsbin/scheduler-vfl2iJIO4/scheduler.js,/yts/jsbin/scheduler-vfl2iJIO4/,scheduler.js
https://www.youtube.com/watch?v=9a2VCKpZW8o,/yts/jsbin/www-pagead-id-vfllLS40i/www-pagead-id.js,/yts/jsbin/www-pagead-id-vfllLS40i/,www-pagead-id.js
https://www.youtube.com/watch?v=9a2VCKpZW8o,/yts/jsbin/player-vflf5K4kk/ne_NP/base.js,/yts/jsbin/player-vflf5K4kk/ne_NP/,base.js
https://www.youtube.com/watch?v=9a2VCKpZW8o,/yts/jsbin/spf-vflhSOzLf/spf.js,/yts/jsbin/spf-vflhSOzLf/,spf.js
https://www.youtube.com/watch?v=9a2VCKpZW8o,/yts/jsbin/www-en_US-vfl3MDmXw/base.js,/yts/jsbin/www-en_US-vfl3MDmXw/,base.js
https://www.youtube.com/watch?v=z1-tIQV-8OI,/yts/jsbin/scheduler-vfl2iJIO4/scheduler.js,/yts/jsbin/scheduler-vfl2iJIO4/,scheduler.js
https://www.youtube.com/watch?v=z1-tIQV-8OI,/yts/jsbin/www-pagead-id-vfllLS40i/www-pagead-id.js,/yts/jsbin/www-pagead-id-vfllLS40i/,www-pagead-id.js
https://www.youtube.com/watch?v=z1-tIQV-8OI,/yts/jsbin/player-vflf5K4kk/ne_NP/base.js,/yts/jsbin/player-vflf5K4kk/ne_NP/,base.js
https://www.youtube.com/watch?v=z1-tIQV-8OI,/yts/jsbin/spf-vflhSOzLf/spf.js,/yts/jsbin/spf-vflhSOzLf/,spf.js
https://www.youtube.com/watch?v=z1-tIQV-8OI,/yts/jsbin/www-en_US-vfl3MDmXw/base.js,/yts/jsbin/www-en_US-vfl3MDmXw/,base.js
https://angel.co/blurbiz,/assets/bundles/head-69b7354f7265b5a039957f86c74677439c377972146d205dca074c2aaa7f0f7c.js,/assets/bundles/,head-69b7354f7265b5a039957f86c74677439c377972146d205dca074c2aaa7f0f7c.js
https://angel.co/blurbiz,/webpack/application-d1491b1d148803517b69.js,/webpack/,application-d1491b1d148803517b69.js
https://angel.co/blurbiz,https://www.google-analytics.com/analytics.js,https://www.google-analytics.com/,analytics.js
https://angel.co/blurbiz,https://www.googletagmanager.com/gtag/js?id=AW-828140943,https://www.googletagmanager.com/gtag/,js?id=AW-828140943
https://angel.co/blurbiz/jobs,/assets/bundles/head-69b7354f7265b5a039957f86c74677439c377972146d205dca074c2aaa7f0f7c.js,/assets/bundles/,head-69b7354f7265b5a039957f86c74677439c377972146d205dca074c2aaa7f0f7c.js
https://angel.co/blurbiz/jobs,/webpack/application-d1491b1d148803517b69.js,/webpack/,application-d1491b1d148803517b69.js
https://angel.co/blurbiz/jobs,https://www.google-analytics.com/analytics.js,https://www.google-analytics.com/,analytics.js
https://angel.co/blurbiz/jobs,https://www.googletagmanager.com/gtag/js?id=AW-828140943,https://www.googletagmanager.com/gtag/,js?id=AW-828140943
